2021,Villeurbanne,Theo,Hatto,PHP,hhatto6@simplemachines.org
2014,Saint-Martin,Mathieu,Wimp,PHP,fwimp8@histats.com
2014,Villeurbanne,Yoann,Deakes,PHP,vdeakesa@sina.com.cn
2013,Villeurbanne,Mathieu,Lown,PHP,slownc@drupal.org
2009,Gex,David,Matteau,PHP,dmatteauf@ifeng.com
2017,Villeurbanne,Mia,Jiroutek,PHP,pjirouteki@instagram.com
2017,Remote,Fazul,Scipsey,PHP,kscipseyl@mediafire.com
2009,Villeurbanne,Catherine,Dougan,PHP,cdougann@wp.com
2021,Villeurbanne,Claude,Stirman,PHP,mstirmanp@blogs.com
2008,Remote,Franck,Spennock,PHP,aspennockq@msu.edu
2020,Charbonnieres,Lena,Loram,PHP,rlorams@mozilla.org
2010,Remote,Nicolas,Worsfield,PHP,cworsfieldv@dyndns.org
2021,Remote,Kinglsey,Vedntyev,PHP,dvedntyevz@abc.net.au
2020,Gex,Amanda,Bediss,PHP,rbediss11@tumblr.com
2013,Charbonnieres,Claude,Delacourt,PHP,jdelacourt14@google.ru
2017,Charbonnieres,Susy,Luc,PHP,bluc1a@freewebs.com
2019,Villeurbanne,Karim,Stollenberg,PHP,sstollenberg1c@newyorker.com
2019,Charbonnieres,Alexandre,Southcoat,PHP,bsouthcoat1n@purevolume.com
2017,Remote,Catherine,Garrison,PHP,bgarrison1o@auda.org.au
2008,Gex,Karim,Sinnat,PHP,dsinnat1p@nydailynews.com
2015,Saint-Martin,Claude,Cady,PHP,ccady1r@qq.com
2021,Charbonnieres,Susy,Instock,PHP,rinstock1y@miitbeian.gov.cn
2011,Villeurbanne,Franck,Gorriessen,PHP,fgorriessen23@wunderground.com
2013,Gex,Aurelien,Preskett,PHP,rpreskett28@de.vu
2015,Saint-Martin,Jennifer,Millichip,PHP,lmillichip2h@bravesites.com
2008,Charbonnieres,Adam,Ginity,PHP,cginity2n@blogspot.com
2021,Charbonnieres,Dorsun,Ragles,PHP,rragles2o@ebay.com
2020,Gex,Juliette,Dodgson,PHP,vdodgson2t@paginegialle.it
2011,Remote,Karim,Lindbergh,PHP,elindbergh36@admin.ch
2009,Charbonnieres,Jade,Skeldinge,PHP,eskeldinge39@disqus.com
2014,Charbonnieres,Aurelien,Tomson,PHP,btomson3a@mozilla.com
2011,Gex,Eric,Glozman,PHP,hglozman3b@jugem.jp
2021,Charbonnieres,Lena,Farish,PHP,efarish3d@hhs.gov
2011,Remote,Corentin,Lytton,PHP,elytton3f@netvibes.com
2015,Charbonnieres,Michel,Moran,PHP,amoran3h@posterous.com
2014,Villeurbanne,Jennifer,Elders,PHP,lelders3k@slate.com
2016,Gex,Eric,Mizzen,PHP,bmizzen3p@simplemachines.org
2008,Remote,Alois,Szymonowicz,PHP,eszymonowicz3s@vk.com
2012,Gex,Lucas,Colaton,PHP,dcolaton3y@forbes.com
2014,Remote,Yoann,McRuvie,PHP,cmcruvie44@hubpages.com
2011,Saint-Martin,Jean-loup,Driffill,PHP,jdriffill45@yahoo.com
2016,Charbonnieres,Alexandre,Adriano,PHP,nadriano49@flavors.me
2021,Gex,Catherine,Culver,PHP,gculver4c@nhs.uk
2017,Charbonnieres,Adrien,Oldroyde,PHP,foldroyde4i@trellian.com
2017,Villeurbanne,Philippe,Wasmer,PHP,bwasmer4j@google.ca
2017,Villeurbanne,Bilel,Hearley,PHP,mhearley4p@purevolume.com
2019,Remote,Melodie,Ebanks,PHP,rebanks4r@si.edu
2019,Villeurbanne,Michel,Juster,PHP,wjuster4v@photobucket.com
2014,Remote,Iliana,Dyke,PHP,jdyke4w@unc.edu
2019,Gex,Adrien,Doneld,PHP,adoneld4z@psu.edu
2016,Saint-Martin,Kais,Muehle,PHP,amuehle50@unicef.org
2008,Remote,Jennifer,Lewsam,PHP,klewsam52@geocities.com
2009,Gex,Bilel,Tirrey,PHP,htirrey54@pinterest.com
2012,Saint-Martin,Michel,McAne,PHP,tmcane58@devhub.com
2008,Charbonnieres,Karim,Albisser,PHP,ralbisser5g@noaa.gov
2009,Saint-Martin,David,Benion,PHP,sbenion5h@xing.com
2016,Remote,Anna,Simionescu,PHP,bsimionescu5j@csmonitor.com
2012,Charbonnieres,Lena,Smeall,PHP,asmeall5l@163.com
2011,Saint-Martin,Adrien,Fresson,PHP,cfresson5n@com.com
2011,Saint-Martin,Iliana,Garton,PHP,jgarton5s@mashable.com
2018,Gex,Tony,McCague,PHP,jmccague5v@state.gov
2018,Saint-Martin,Adrien,Wike,PHP,cwike5x@wikimedia.org
2020,Saint-Martin,Corentin,MacGeaney,PHP,omacgeaney61@imgur.com
2012,Charbonnieres,Sara,Ghelerdini,PHP,cghelerdini62@cnn.com
2013,Saint-Martin,Yoann,Scutter,PHP,dscutter64@gmpg.org
2010,Remote,Ali,Dossett,PHP,adossett6c@samsung.com
2011,Villeurbanne,Iliana,Chafer,PHP,schafer6f@tinyurl.com
2017,Gex,Adam,Burndred,PHP,jburndred6g@addthis.com
2015,Saint-Martin,Franck,Jacmar,PHP,bjacmar6k@cloudflare.com
2014,Remote,Alice,Brayfield,PHP,obrayfield6p@flickr.com
2018,Remote,Dorsun,Klulisek,PHP,tklulisek6t@icq.com
2014,Saint-Martin,Bilel,Jeanneau,PHP,djeanneau6w@cloudflare.com
2015,Villeurbanne,Iliana,Qusklay,PHP,tqusklay6z@cam.ac.uk
2009,Remote,Susy,Meaney,PHP,lmeaney72@bizjournals.com
2010,Remote,Susy,Shellshear,PHP,rshellshear73@skype.com
2019,Villeurbanne,Lena,Howman,PHP,dhowman74@discovery.com
2014,Gex,Kais,Creeboe,PHP,ecreeboe78@barnesandnoble.com
2020,Gex,Karim,Treacher,PHP,atreacher7a@vimeo.com
2011,Saint-Martin,Mathieu,Walling,PHP,kwalling7b@oakley.com
2012,Saint-Martin,Iliana,Winterbotham,PHP,ywinterbotham7e@arizona.edu
2013,Remote,Ludwig,Gush,PHP,ngush7g@51.la
2021,Gex,Aurelien,Arthurs,PHP,aarthurs7i@youtu.be
2011,Villeurbanne,Ali,Imbrey,PHP,limbrey7k@boston.com
2015,Saint-Martin,Mia,Smalles,PHP,csmalles7m@i2i.jp
2018,Saint-Martin,Melodie,Manklow,PHP,bmanklow7o@china.com.cn
2008,Charbonnieres,Alexandre,O'Doherty,PHP,codoherty7t@a8.net
2008,Saint-Martin,Jade,Balchen,PHP,abalchen7u@vistaprint.com
2010,Saint-Martin,Lena,Ostridge,PHP,lostridge7y@theglobeandmail.com
2017,Remote,Matteo,Piscopo,PHP,fpiscopo84@shinystat.com
2015,Saint-Martin,Mathieu,Godber,PHP,zgodber85@mit.edu
2008,Charbonnieres,Juliette,Ditchburn,PHP,fditchburn87@indiatimes.com
2014,Villeurbanne,Juliette,MacNally,PHP,fmacnally8b@mayoclinic.com
2021,Saint-Martin,Claude,Chaimson,PHP,rchaimson8c@spotify.com
2012,Remote,Ludwig,Koopman,PHP,rkoopman8f@businessweek.com
2016,Charbonnieres,Bilel,Maraga,PHP,smaraga8i@yolasite.com
2015,Saint-Martin,Iliana,Beccera,PHP,lbeccera8m@taobao.com
2016,Gex,Mia,Iddon,PHP,liddon8n@furl.net
2009,Charbonnieres,Iliana,Thring,PHP,mthring8o@columbia.edu
2019,Gex,Mia,Dunn,PHP,ddunn8p@exblog.jp
2018,Gex,Alexandre,Stittle,PHP,rstittle8u@ezinearticles.com
2011,Saint-Martin,Loic,Melbourn,PHP,bmelbourn9k@sina.com.cn
2021,Villeurbanne,Philippe,Rushsorth,PHP,rrushsorth9u@bandcamp.com
2017,Villeurbanne,Dorsun,Jerram,PHP,tjerram9x@ihg.com
2010,Remote,Aurelien,Tebbett,PHP,ptebbetta8@go.com
2009,Charbonnieres,Jade,Lindenboim,PHP,nlindenboimaa@reuters.com
2019,Saint-Martin,Amanda,Battill,PHP,kbattillab@rediff.com
2011,Remote,Aurelien,Isaaksohn,PHP,tisaaksohnal@cdbaby.com
2018,Charbonnieres,Kais,Jerzyk,PHP,ajerzykan@google.it
2020,Saint-Martin,Loic,Denning,PHP,odenningao@reuters.com
2014,Villeurbanne,Jade,Tennewell,PHP,rtennewellap@engadget.com
2011,Villeurbanne,Juliette,Wiburn,PHP,nwiburnar@gravatar.com
2021,Charbonnieres,Alice,O'Corhane,PHP,focorhaneat@seesaa.net
2016,Remote,Amanda,Menhenitt,PHP,rmenhenittay@twitpic.com
2014,Charbonnieres,Jennifer,Elgram,PHP,relgramb1@blogspot.com
2009,Remote,Franck,Fenny,PHP,gfennyb3@unc.edu
2009,Villeurbanne,Franck,Chastel,PHP,mchastelba@booking.com
2012,Villeurbanne,Lena,Lagne,PHP,slagnebj@behance.net
2013,Gex,Yoann,Gutowski,PHP,agutowskibm@pen.io
2019,Villeurbanne,Cedric,Mackie,PHP,fmackiebn@booking.com
2019,Gex,Bilel,Impy,PHP,mimpybx@google.co.uk
2021,Remote,Matteo,Shillinglaw,PHP,bshillinglawbz@gmpg.org
2019,Remote,Ludwig,Darbyshire,PHP,hdarbyshirec2@aol.com
2010,Remote,Michel,Lohering,PHP,kloheringc9@lulu.com
2014,Remote,Adam,Gethyn,PHP,agethyncb@msn.com
2021,Charbonnieres,Philippe,Stickings,PHP,bstickingscc@home.pl
2017,Charbonnieres,Amanda,Crommett,PHP,ncrommettcg@so-net.ne.jp
2019,Gex,Jean-loup,Souster,PHP,lsoustercj@army.mil
2015,Saint-Martin,Bilel,Venable,PHP,mvenablecp@nps.gov
2012,Saint-Martin,Anna,Wolver,PHP,awolvercr@canalblog.com
2014,Saint-Martin,Juliette,Beet,PHP,bbeetcu@jalbum.net
2018,Saint-Martin,Fazul,Alans,PHP,calanscx@digg.com
2011,Charbonnieres,Adrien,Le Provost,PHP,nleprovostcy@msn.com
2021,Remote,Juliette,Easbie,PHP,eeasbiedc@slideshare.net
2008,Gex,Yoann,Kubista,PHP,skubistadf@imageshack.us
2009,Villeurbanne,Adam,Ebi,PHP,vebidn@github.io
2008,Gex,Susy,Crecy,PHP,rcrecyds@archive.org
2009,Remote,Juliette,Saldler,PHP,bsaldlere1@gravatar.com
2017,Remote,Amanda,Ovitz,PHP,eovitze2@drupal.org
2015,Gex,Adam,Ivanchenkov,PHP,tivanchenkoveb@cpanel.net
2010,Charbonnieres,Alexandre,McCorkell,PHP,bmccorkellee@virginia.edu
2019,Villeurbanne,Anna,Clements,PHP,tclementseg@bbb.org
2013,Charbonnieres,Sara,Jeaves,PHP,fjeavesej@1688.com
2017,Villeurbanne,Catherine,Jaxon,PHP,pjaxonel@mapy.cz
2010,Remote,Susy,Ashbolt,PHP,nashboltep@nps.gov
2008,Gex,Adrien,Kerner,PHP,ckernereu@g.co
2021,Villeurbanne,Catherine,Leverson,PHP,jleversonex@de.vu
2017,Saint-Martin,Amanda,Tivers,PHP,stiversey@xrea.com
2017,Remote,Sara,Alcott,PHP,aalcottf0@sakura.ne.jp
2016,Gex,Juliette,Millard,PHP,nmillardf9@privacy.gov.au
2009,Remote,Veronique,Lucia,PHP,cluciafa@ezinearticles.com
2016,Remote,Nicolas,Birchill,PHP,dbirchillff@typepad.com
2017,Gex,Eric,Jeary,PHP,ajearyfh@opensource.org
2021,Villeurbanne,Susy,Agglio,PHP,gaggliofl@sun.com
2017,Remote,Sara,Coulsen,PHP,ncoulsenfm@prnewswire.com
2008,Villeurbanne,Jennifer,Frankowski,PHP,kfrankowskifo@phpbb.com
2015,Saint-Martin,Ludwig,Gibbeson,PHP,pgibbesonfq@miitbeian.gov.cn
2017,Charbonnieres,Tony,Ivers,PHP,oiversfv@trellian.com
2010,Villeurbanne,Nicolas,Escala,PHP,gescalafx@patch.com
2012,Charbonnieres,Jean-loup,Blasgen,PHP,gblasgenfy@simplemachines.org
2014,Saint-Martin,Lucas,Grace,PHP,sgracefz@comsenz.com
2008,Saint-Martin,Mathieu,Gislebert,PHP,ggislebertg0@nydailynews.com
2013,Saint-Martin,Amanda,Dalliwater,PHP,ddalliwaterg6@wufoo.com
2010,Saint-Martin,Dorsun,Eberle,PHP,reberleg9@biblegateway.com
2017,Villeurbanne,Karim,Soot,PHP,nsootga@livejournal.com
2015,Villeurbanne,Alexandre,Wrench,PHP,mwrenchgg@fda.gov
2011,Villeurbanne,Jennifer,Dohms,PHP,cdohmsgk@bing.com
2021,Charbonnieres,Ludwig,Sommerled,PHP,tsommerledgl@usa.gov
2020,Villeurbanne,Matteo,Biddles,PHP,mbiddlesgm@nih.gov
2017,Gex,Yoann,Gaymar,PHP,qgaymargo@telegraph.co.uk
2008,Charbonnieres,Fazul,Raxworthy,PHP,araxworthygt@go.com
2014,Gex,Fazul,Deeman,PHP,vdeemangx@desdev.cn
2020,Remote,Alexandre,Jarvie,PHP,hjarviegz@friendfeed.com
2009,Villeurbanne,Philippe,Colthard,PHP,wcolthardh3@sogou.com
2021,Remote,Matteo,Bracco,PHP,vbraccoh5@msu.edu
2013,Saint-Martin,Nicolas,Nassey,PHP,cnasseyh6@google.com.br
2015,Villeurbanne,Jennifer,Warre,PHP,nwarreha@vistaprint.com
2012,Gex,Lucas,Maw,PHP,jmawhk@zdnet.com
2008,Saint-Martin,Lucas,Basketter,PHP,cbasketterhl@mayoclinic.com
2011,Villeurbanne,Ludwig,Thurby,PHP,athurbyho@histats.com
2008,Remote,Alois,Cottrell,PHP,scottrellhq@hp.com
2012,Gex,Mia,Gritsunov,PHP,rgritsunovhs@uol.com.br
2012,Gex,Adrien,Lansley,PHP,clansleyi0@wired.com
2008,Charbonnieres,Dorsun,Ambrosoni,PHP,kambrosoniid@github.io
2018,Villeurbanne,Veronique,Norman,PHP,lnormanik@geocities.com
2019,Saint-Martin,Claude,Stourton,PHP,bstourtonil@thetimes.co.uk
2019,Gex,Adrien,Riddoch,PHP,lriddochix@independent.co.uk
2008,Remote,Lucas,Pringell,PHP,mpringellj0@chron.com
2010,Remote,Kinglsey,Billes,PHP,wbillesj1@sakura.ne.jp
2019,Gex,Claude,Hamner,PHP,khamnerj4@china.com.cn
2017,Saint-Martin,Juliette,Rosenau,PHP,prosenauja@usa.gov
2014,Remote,Claude,Southouse,PHP,psouthousejl@about.com
2011,Charbonnieres,Sara,Hearty,PHP,vheartyjm@sakura.ne.jp
2018,Remote,Mathieu,Benedek,PHP,rbenedekjn@hp.com
2021,Villeurbanne,Loic,Tallman,PHP,rtallmanjv@quantcast.com
2010,Charbonnieres,Philippe,Capps,PHP,kcappsjx@macromedia.com
2017,Charbonnieres,Eric,Gorler,PHP,jgorlerk1@kickstarter.com
2021,Remote,Adrien,Armand,PHP,iarmandk9@fc2.com
2013,Saint-Martin,Sara,Claige,PHP,sclaigekj@army.mil
2020,Saint-Martin,Ali,Robiot,PHP,lrobiotkm@issuu.com
2013,Charbonnieres,Juliette,Bacup,PHP,abacupl0@businesswire.com
2009,Remote,David,Queenborough,PHP,rqueenboroughl6@123-reg.co.uk
2014,Remote,Jennifer,Orchard,PHP,eorchardlb@theguardian.com
2009,Saint-Martin,Adam,Hakonsson,PHP,ghakonssonlc@go.com
2015,Saint-Martin,Aurelien,Mabey,PHP,kmabeyle@sina.com.cn
2011,Villeurbanne,Bilel,Stokoe,PHP,astokoelf@techcrunch.com
2021,Remote,Alexandre,Courtenay,PHP,rcourtenaylg@domainmarket.com
2018,Gex,Philippe,Upfold,PHP,hupfoldlh@ftc.gov
2019,Villeurbanne,Iliana,Gwynn,PHP,cgwynnlj@cmu.edu
2012,Saint-Martin,Maude,Capes,PHP,jcapeslm@hud.gov
2014,Villeurbanne,Amanda,Borrie,PHP,iborriels@businessweek.com
2015,Charbonnieres,Jade,Garie,PHP,sgarielv@sourceforge.net
2016,Remote,Susy,Winridge,PHP,awinridgem6@bigcartel.com
2020,Charbonnieres,Adam,Fairall,PHP,ffairallm7@walmart.com
2012,Gex,Anna,Kelcey,PHP,akelceymf@illinois.edu
2020,Remote,Sara,Serridge,PHP,aserridgemi@dailymotion.com
2015,Saint-Martin,Aurelien,Jermy,PHP,gjermymm@java.com
2009,Gex,Tony,Huetson,PHP,rhuetsonmo@kickstarter.com
2016,Charbonnieres,David,Willbourne,PHP,cwillbournemu@1688.com
2015,Remote,Mathieu,Eingerfield,PHP,keingerfieldmx@eepurl.com
2013,Gex,Kinglsey,Stebbin,PHP,gstebbinn0@opera.com
2020,Charbonnieres,Adam,Fortesquieu,PHP,tfortesquieun2@webs.com
2021,Gex,Theo,Coetzee,PHP,rcoetzeen6@simplemachines.org
2008,Villeurbanne,Aurelien,Pratten,PHP,aprattenna@tuttocitta.it
2017,Saint-Martin,Dorsun,Giraths,PHP,mgirathsnk@blogs.com
2021,Gex,Tony,Hughland,PHP,lhughlandnq@pcworld.com
2020,Remote,Amanda,Sherringham,PHP,tsherringhamnx@nydailynews.com
2009,Charbonnieres,Kais,Pratt,PHP,dpratto1@gizmodo.com
2019,Remote,Lena,Kings,PHP,kkingso2@posterous.com
2014,Saint-Martin,Ali,Suddick,PHP,ssuddicko3@time.com
2015,Gex,David,Stubbings,PHP,rstubbingso7@friendfeed.com
2014,Remote,Franck,Eriksson,PHP,merikssono8@craigslist.org
2021,Charbonnieres,Juliette,Cain,PHP,rcainoc@reddit.com
2012,Remote,Maude,Dewerson,PHP,cdewersonoh@geocities.jp
2008,Gex,Adam,Jevon,PHP,cjevonok@berkeley.edu
2019,Remote,Matteo,Watkiss,PHP,wwatkissol@ed.gov
2018,Charbonnieres,Alois,Bezemer,PHP,dbezemeror@amazon.de
2016,Remote,Alois,Sussans,PHP,hsussansot@surveymonkey.com
2021,Saint-Martin,Lena,MacCahey,PHP,bmaccaheyov@oaic.gov.au
2020,Villeurbanne,Fazul,Jenken,PHP,jjenkenoz@squidoo.com
2017,Saint-Martin,Aurelien,Eacott,PHP,jeacottp2@gravatar.com
2021,Charbonnieres,Karim,Gravener,PHP,bgravenerp7@quantcast.com
2013,Charbonnieres,Jean-loup,Fibbit,PHP,lfibbitp9@comsenz.com
2011,Gex,Theo,Gillbee,PHP,egillbeepf@archive.org
2014,Remote,Catherine,Riddiford,PHP,eriddifordpk@toplist.cz
2009,Gex,Tony,Downer,PHP,cdownerpp@imageshack.us
2017,Remote,Veronique,Attwooll,PHP,uattwoollpq@youku.com
2008,Gex,Corentin,McGaugan,PHP,tmcgauganps@sciencedaily.com
2017,Saint-Martin,Susy,Sturgis,PHP,asturgispu@eventbrite.com
2019,Saint-Martin,Jennifer,Dullard,PHP,bdullardq3@nyu.edu
2017,Gex,Sara,Goeff,PHP,dgoeffq4@huffingtonpost.com
2019,Villeurbanne,Ali,Chadd,PHP,wchaddq8@google.co.jp
2010,Remote,Kinglsey,Bembridge,PHP,jbembridgeqc@paypal.com
2014,Saint-Martin,Kais,Reynolds,PHP,lreynoldsqf@hatena.ne.jp
2016,Villeurbanne,David,Beany,PHP,sbeanyqk@wp.com
2015,Gex,Iliana,Giffon,PHP,dgiffonql@usatoday.com
2010,Charbonnieres,Jennifer,Roughey,PHP,rrougheyqo@myspace.com
2020,Saint-Martin,Jennifer,Strangeway,PHP,tstrangewayqs@wikispaces.com
2020,Villeurbanne,Kinglsey,Bortolozzi,PHP,lbortolozziqx@csmonitor.com
2019,Remote,Lena,Avesque,PHP,wavesqueqz@guardian.co.uk
2020,Remote,Juliette,Waszkiewicz,PHP,jwaszkiewiczr1@spiegel.de
2021,Gex,Alois,Lampart,PHP,klampartr8@blinklist.com
2020,Remote,Kinglsey,Milkin,PHP,hmilkinra@qq.com
2015,Charbonnieres,Michel,Bellefonte,PHP,mbellefontere@yahoo.com
2014,Remote,Jade,Andre,PHP,randrerf@examiner.com
2015,Villeurbanne,Theo,Warricker,PHP,mwarrickerrp@tripadvisor.com
2010,Villeurbanne,Tony,Birtles,PHP,jbirtlesrq@free.fr
